{"cameraMode":{"drawMode":0,"name":"Shaded","section":"Shading Mode"},"sceneLighting":true,"audioPlay":false,"sceneViewState":{"showFog":false,"showMaterialUpdate":false,"showSkybox":false,"showFlares":false,"showImageEffects":false,"showParticleSystems":false},"in2DMode":false,"pivot":{"x":1.735715627670288,"y":-0.9782297611236572,"z":-0.16428041458129884},"rotation":{"x":0.09507863968610764,"y":0.9046984910964966,"z":-0.2828325629234314,"w":0.3041268587112427},"size":5.823214530944824,"orthographic":false}